video_id,title
bQH1LnJR_qI,チェスマッチカフェチェックオレ
-m_qZFgDjzw,ふわふわバルーンが飛び出した!
W_3OiRMsDxU,ワオワオ動物園
nFh43HvmrX8,なかよし!〇!なかよし!
LpL0bUaOjG8,ユメᐸウツツ→ハッピータイム
rngFnZd7DqE,天空カフェテリア
N497ZXnGBDQ,Growth Record
aeh0s17r_fY,風の便り
QLN5brnJTsM,おかえりなさい～Dear my sister～
HTik0MIRgGA,頼れる私でいられるように
Y9u2aPzzieo,あこがれプリーツ♡
izAB8KqWouQ,紙ヒコーキレター
XBORiB4Z0oE,空色サロン
sVqfb775_II,文色徒然
ijiCIshJo0g,わくわく魔法のチカラ
xahdPT8HsZo,ボトルシップの旅
QzfqS2B4rXg,ピポパポPeople!
QvkjVHOzJtM,かさねおり
dreWI5f8KMg,ショコらびゅサバイバル♪
71_ZgD_QPvI,らびっとビビっとShow Time*
OzAlPvoP8Ug,MIRACLE CHRONICLE♪
Qw3KRkNR-es,幻のルビーラビット事件
f_SOlL5o4kw,本日は誠にラリルレイン
AFHzISpiabA,お手伝いのラララン添えはいかがですか?
A0EbiyUbqOw,やきもち風味のカモミール
3Q9b7baXnRU,Sister or Sister
6fdoO1rrxp0,にっこりカフェの魔法使い
Mgru-RM4bjM,冷静とモフモフの国境線
aJN55-_BZGs,怪盗ラパン -The Phantom Thief Lapin-
Z866n5DZkkM,ギミ×デミぱーりないっ♪
k4JUBUNVE7w,しんがーそんぐぱやぽやメロディー
G-lqtZMVGcU,winter*gift
dv9L3kZcbg4,Tiny Christmas Party
GxQ3pc1V8_0,ハピハピ♪バースデイソング ～チノVer.～
1DBM6yhxIK0,チャイム♪タイムカプセル
tjXeI0i1GHw,秋色かくれんぼ
cK-YqUKga4g,ハピハピ♪バースデイソング ～メグVer.～
idlESsNd8Pg,メランコリアフタヌーン
x9UqlM7P7m8,マワールエスポワール
cMtHPisafgM,ハピハピ♪バースデイソング ～青山ブルーマウンテンVer.～
psBFkwahTfE,天高くおとめこゆる秋
5NF6hHT2ke0,お月見数え唄
vh7uBvZrOKM,ハピハピ♪バースデイソング ～千夜Ver.～
1a6mtXAAJkk,夏休みページ
0tx6udZ78-8,お祭り輪っしょい!!
5EPM8lQW3a0,ハピハピ♪バースデイソング ～マヤVer.～
EpqghyeIO_k,思い出花火
Pu-8RZYbTcQ,とびきりsummer time
NLwWnUVs7U0,ハピハピ♪バースデイソング ～シャロVer.～
APshuhKKbBI,トラブル!?トラベル!!
H56c6TX5e_I,Spring Hello!!
6TRprPOIJ5I,ハピハピ♪バースデイソング ～ココアVer.～
gnjfhcdT8vk,ホットホワイトデリバリー♪
boSDsVM3CAA,3月の扉
4djjYxaUwCk,ハピハピ♪バースデイソング ～モカVer.～
WvAICIIcdRA,ドキドキのはじまり
gibvCzjFMxY,チョコレート・アスレチック
t-1dUEsM01I,ハピハピ♪バースデイソング ～リゼVer.～
ZzVILf1Id8g,ヒミツのおもてなし
isDcrqq4FV8,センチメンタルごっこ
SKtlzcjvS2A,わーいわーいトライ!～チノVer.～
EEfgbBlTB4I,無敵のMidnight crew
4VQtaBgqKYg,0時過ぎのWonder Cocktail
OyWHxWIHYBc,わーいわーいトライ!～リゼVer.～
Hm3wqQv02jw,お茶会物語
ihzorvAmQPo,私と浪漫ていすと
2vtUytmV4GA,わーいわーいトライ!～千夜Ver.～
Fre0yswgyEs,パジャマプラネタリウム
nxC53BKWcx0,あん・どぅ・とろわ
DWgIxmjEHQ0,わーいわーいトライ!～メグVer.～
ei3hD_Glk4Y,ぱりぷれいやー!!
3XQzzEX_9zI,ミッドナイト・パーティー
vlLL5rGjLqY,わーいわーいトライ!～マヤVer.～
bdfVxAwBCpM,流星ガーデン
89DS_cVyHJU,ラ・エレガンス
kHAMKftRVRg,わーいわーいトライ!～青山ブルーマウンテンVer.～
FfX9q-bh3h8,とびっきりアネバーサリー
__SfD7qo-fs,Bitter Tea:Time
Q6KUGG-p1bI,わーいわーいトライ!～モカVer.～
I-mYGczEJm0,パッと!花咲くティーポット
NBdQIU_5Asc,Happy Holiday
rkVK2iE0Hpc,わーいわーいトライ!～シャロVer.～
UxnLaXGd7VM,パンパカパンのパンのパーティー
zsACz9ORcIo,COCOATIC BAR
r1sCI7DzDXI,わーいわーいトライ!～ココアVer.～
F2XQBiizvYw,コーヒーカップでエスコート
MEslkX7LdXE,ハピネスアンコール
cYNdkbftDQE,セカイがカフェになっちゃった!
tSiAzFb01AA,Fantastic Rabbit House
K68Bc109QRU,ラ･ラ･ラ!ラ?モーニング
yqkSSSxiCEA,センチメンタルボタン
MFqxH0Dul6k,夢見FLAVOR
mCyAtu52JfY,Sing a Song!!!!!
uTkxjoNCbfI,足音タルトタタン♪
m1TKNiTByO8,のんピースマイペース
90MhGTXBU4o,ポップコーンはぷにんぐ!
Pzumraimoug,きらめきカフェタイム
dnQ9Pl7GewY,FANCY SWEET TIME
tiYQ4e8lp_4,♡♡ケーキをもうひとつ?
9iojfW0jvQA,ココロそばにいるよ
mjd5hmcnlH8,あした元気になぁれ!
aAj9JMfdTs4,リトル*トレジャー*ハント
4td4mXU4wrM,プレゼントレジャー♡
pSVchSk8nnM,すいーと･すきっぷ･すてっぷ
NukEJ_47GPo,みえるよみえる
da9TmZs-G0I,Sunshine Days
wr_0ZoSwRpA,CANDY COLOR DAYS
DRmpjiltm24,てくてくマーチングマーチ
j_6l5JeH-so,おいしいパンの作り方
mMrtsgIQCOE,きらめきを探しに
UkgQUiLPJTc,WELCOME【う・さ!】 モカVer.
WKhC-hoAm50,WELCOME【う・さ!】 青山ブルーマウンテンVer.
xy9pzSiKUCQ,甘美コラボレーション
UqVVola8GZM,ハートふるムーン
mp7QwUPKZHc,WELCOME【う・さ!】 千夜Ver.
OJsLDhw7kPM,FUN!FUN!
ub03mv1pqXc,お菓子な夢をおひとつどうぞ♪
kXi9AuU0fcQ,WELCOME【う・さ!】 チノVer.
xfY_OAS0Oso,素敵なダンスタイム
ftoLCucp4Hw,おもちゃ箱ハピズム♪
6MkWFt7EpKk,WELCOME【う・さ!】 メグVer.
jZ50tZAszDs,@ぐ～るぐるわーるど@
KO5ZUoZAUM8,夢・もしもしもしも?
FM9l6E05mko,WELCOME【う・さ!】 シャロVer.
BNcwJzJhxMI,わくわくDIARY
JqsZuyi3M3A,Everyday Level Up!!
cZpFmMGFmiY,WELCOME【う・さ!】 マヤVer.
K01Nv2BFrCw,Dear Me
thS2iSEeA5o,鏡合わせのアンビバレット
R8CHlxATGd8,WELCOME【う・さ!】 リゼVer.
d-H0l8p-3Lo,ショコラティーヌ de 3時
lKquzpMLzDs,きらきら印を見つけたら
2OpCwTUB-_U,WELCOME【う・さ!】 ココアVer.
YYQMTkSlrDI,かえりみちスキップ
G942UTUcYqA,そおっとブランケット
GgLHtMvRt6I,きらきら☆アラモード
L3fIUQ4iX2E,新作のしあわせはこちら!
Z5GIBE__zVc,未来パズル
3_BnQDHKiVQ,ときめきLOOPにのって
J6TjZVIgKKU,ときめきポポロン♪
zzwNJFnSPJM,なんとなくミライ
6xWsZtrjYds,ノーポイッ!
_5yUJ1CzKL4,出かけましょうと答えましょう
8BuHJIIkZY8,魔法少女チノ
g22ca8_KR2s,カフェインファイター
DD3kqh8PtCw,ミカヅキドロップ
zwwdEFNOIFc,ハートぷるぷる事件です
oLYgb9aSXKo,ナイショのはなしは夢の中で
KrRj9YrghSw,ナマイキTiny Heart
W23RgUyOBSU,ぴょん'sぷりんぷるん
C5fsQP02XOQ,月夜にお砂糖星
qosDcONtUkA,チョコリズムチョコルール
mwpwwrTbx2o,宝箱のジェットコースター
_SJiCu001mk,きらきらエブリディ
R5_TqwvteVg,うさぎになったバリスタ
IbSFOG7ekiY,VSマイペース?
4kKK-dIrSpg,一匙のお姫さま物語
iR2UKBH_RP0,麗しのShooting star
LgFYaWyWX-Q,夢見るアプレミディ
HD-Whk9dP00,Eを探す日常
y0NTDuah8eY,ときめきミルフィーユ
SWuyOO-JKmo,色葉おしながき
HEpDYnuR47s,ずっと一緒
kDOX8KrlQm0,Love & Gun
uy0Bzo0Ea98,スマイルメーカー
QioAw0BEipg,Rabbit Hole
JTEs8RDbOj4,a cup of happiness
ED2veJyqERE,ハミングsoon!
fudDTjr6AmY,全天候型いらっしゃいませ
cU_gVBrFOEo,ぽっぴんジャンプ♪
3UkJXDpmcYA,日常デコレーション
Dhs71lY15es,Daydream cafe
